V1,V2,V3,V4,V5,V6,V7,V8,V9,V10,V11,V12,V13,V14,V15,V16,V17,V18,V19,V20,V21,V22,V23,V24,V25,V26
-0.607240146869529,NA,-1.291235837183636,NA,-0.9526839151397204,-0.2930879661607956,-0.4358435398185254,-0.9429482518616332,NA,NA,-0.45270661513150573,-1.449387064323711,-0.9134680109690371,-0.4049572930857602,NA,-0.8099379817361401,-1.0793382727897856,-0.9759045680246587,-0.4050917359264621,-0.324160704167734,NA,NA,-0.7019947575454348,-1.2623674525789874,NA,-0.7817310821092536
-0.356652434103388,NA,-1.2032273560340796,NA,-0.5951478799638045,-0.8971249119521001,-0.8047508353419052,-0.7809528218447028,NA,NA,-0.4089402159861653,-1.4129049709291481,-0.24946699878773929,-1.6816148798659847,NA,-0.7955302017700383,-0.866336225024015,-1.1270896098244143,-0.8933948889359107,-0.41824389326814887,NA,NA,-0.8862093270200501,-1.0185066780836698,NA,-1.207344774344416
-1.25281021396277,NA,-1.147433028360724,NA,-1.2881022994583047,-1.0415902921908415,-0.3459332116322184,-0.15511935977764843,NA,NA,-0.9334023201225498,-1.0007330037836488,-0.40361102139840793,-0.18018960944398968,NA,-0.761040549539052,-0.44488004412443843,-1.0625065016939796,-1.0419904134875178,-0.24632620524030877,NA,NA,-0.9042594434316327,-0.47502236989299146,NA,-0.24593266102917694
-1.4532772733896262,NA,-0.6096940795486526,NA,-1.1037063071254798,-0.5235066076532031,-0.35617636146131726,-1.1562830069361232,NA,NA,-1.5948243208698045,-0.5222840037381101,-1.3303842671046024,-0.49726956137848927,NA,-1.0164863500850987,-0.5817276911914393,-0.4806701843290111,-0.36206162970340966,-0.7879656857320163,NA,NA,-0.5939249653897483,-0.4519170698970057,NA,-1.6480636337956938
-1.812485170822193,NA,-0.8874834034519713,NA,-0.4200550812432993,-1.1600733912016037,-0.8710490358162187,-0.6967743138015956,NA,NA,-0.8091315138791471,-1.9738612329829761,-0.7382519256724336,-1.17044839090556,NA,-0.6408141815772201,-0.6219083944301619,-0.8081160268398213,-0.10461806102487037,-0.6592146188794444,NA,NA,-0.2811644703081237,-0.6512701998462888,NA,-0.30416044299719275
-1.1881198141960991,NA,-0.4733571181396047,NA,-1.4003725876741873,-0.8641672884688777,-1.2681394140263054,-0.5670384529147668,NA,NA,-0.6467702348547164,-1.2564997323559441,-0.29581813476862395,-0.6304576561433008,NA,-0.7551844803337013,-0.5742209360419739,-0.22586362910786392,-0.7130117875687123,-0.9909078356103563,NA,NA,-1.355046762289325,-0.3108055254279249,NA,-0.6053430730497527
-0.8043123608318112,NA,-0.684330687928389,NA,-0.11055472249879256,-0.297967494701715,-0.9223436459352579,-0.30014203078357793,NA,NA,0.12009054645816723,-1.1541754743975643,-0.2106906719534231,-1.229427131073252,NA,-0.37125135350248784,-0.9750343444621782,-0.41841459851567503,-0.6212800491937165,-0.47978327363532064,NA,NA,-1.4254834901606137,-1.1576518698200378,NA,-1.1515941406971455
-2.172886573461008,NA,-0.46524480635352383,NA,-1.5099264968911088,-0.3094239862104647,-0.4211247467641263,-0.4003838029595458,NA,NA,-1.240690819884006,-0.13772876023566089,-0.14414847592533506,-0.8270631785451557,NA,0.049429505222954896,-1.0072561522785306,-0.29934213180120445,-1.1238981830410504,-0.7270508011236256,NA,NA,-0.8520129964666199,-1.2277933571506172,NA,-1.312801363106204
-1.5560844689861764,NA,-1.1595250071089016,NA,-1.1642162538010714,0.12639694944358307,-1.033596590338077,-1.0787242120294833,NA,NA,-1.2170566695313665,-1.5231941850234658,-0.8863315120343284,-0.5330347596662095,NA,-0.6532147313148408,-0.33406394104546117,-0.5656204613296021,-0.867799572206663,-0.21840853445822203,NA,NA,-1.1118004279494946,-0.3310899509046117,NA,-1.0893043067353394
-0.7177939568690416,NA,-1.4141154252194625,NA,-0.6493420865183193,-0.9222532844712416,-0.1549215738888926,-1.0986627837262,NA,NA,-0.3513451099849342,-0.40992210191913997,-0.1695769845833046,-1.1260967021600612,NA,-1.0617519861327935,-0.30719244188567185,-0.7152522222257226,-0.7087771491054398,-0.967809611537215,NA,NA,-0.9548725890653553,-0.4914235112146111,NA,-1.4402364517497597
-0.579537164581835,NA,-0.43316882003439977,NA,-1.2308317623553715,-0.22726870061253965,-0.6630615499542808,-0.5981705053047561,NA,NA,-0.7014298219372862,-0.9082929486142206,-1.463207794852062,-0.998111256920445,NA,-0.9160749219194411,-1.4766638259809215,0.15986400986230667,-0.8180545876747973,-0.878247266640175,NA,NA,-0.36292603978698046,-1.372752703546384,NA,-1.273362503608974
-1.5708265463405837,NA,-1.741527550187475,NA,-0.6711405801094937,-0.47804752539810885,-0.5529437547367486,-1.098476174086734,NA,NA,-1.7391981507571468,-0.4865093684489179,-1.411578398113825,-0.3661298032099799,NA,-0.4171423469956787,-0.9754359197735079,-0.9450607928274679,-0.5121605336436091,-0.4523054401120019,NA,NA,-1.8909701437453164,-1.2536800000700714,NA,-0.37125895215106314
-2.401878395563282,NA,-0.5067834293590666,NA,-0.5088765737657557,-1.1257662064785303,-0.5058106112327694,-0.6409417359959151,NA,NA,-1.3156155538241263,-0.448009808499943,-0.976312050120028,-1.307033494683635,NA,-0.15041754065067772,-0.8007437086595945,-0.7708117178963395,-0.9149423990726716,-0.6827718796569432,NA,NA,-0.6302141020719726,-0.574190161736045,NA,-1.2048849526133838
-0.7795196130128964,NA,-1.6344396062871749,NA,-1.2598978401398855,-0.3295235351334069,-0.2991285686915207,-0.38932218848726824,NA,NA,-0.3696601479773182,-0.35778002934518904,-0.17908070063869916,-0.8139011234585211,NA,-0.6716988665718325,-0.5341091051168013,-0.10477111897320368,-0.5184229371949753,-0.9231420702094066,NA,NA,-1.1717354930064128,-0.08131152797296248,NA,-0.40355854626224746
-1.6219540453739922,NA,-1.3191590062118854,NA,-1.1656758449260283,-0.2417128158517295,-0.411278110956603,-0.2172681583548377,NA,NA,-0.7752768054146542,-1.3058837030777792,-0.1693676927331941,-0.1798488761141853,NA,-0.13751965590675921,-0.08032961144273144,-0.06868866229218958,-0.48154546518865987,-0.8846298374568129,NA,NA,-1.4039379484469765,-0.43062715933358137,NA,-0.31869070806337546
-1.787179799753451,NA,-1.0877002141840515,NA,-1.3989374775152226,-0.6542354314524713,-0.2255481974225395,-0.8678154175049145,NA,NA,-0.3912865131852383,-1.2901517773872921,-0.6197899022212103,-0.8521795530133788,NA,-0.9092151576879142,-0.6458688166027828,-1.0522723376689953,-0.4578311071860304,-0.6552141308293142,NA,NA,-0.42900805280590054,-1.2953587335155194,NA,-0.8652329216507483
-0.6009309385588204,NA,-1.5662430165124541,NA,-0.08061869764365034,-0.7201299925108847,-0.909137380122849,-0.6766793738824898,NA,NA,-2.1767355391002217,-0.5311917417222781,-0.9498052226246497,-0.9573792377813433,NA,-0.986858999012636,-0.8384223964286808,-1.1561631926063216,-1.078557013855748,-0.6331387969516287,NA,NA,-0.7399251808122511,-0.7671765278409147,NA,-1.0448866225966311
-1.2747998171113024,NA,-1.716075175726394,NA,-1.7531338323894607,-0.8896618505375826,-0.8267493969072927,-0.6128361500733026,NA,NA,-1.014503373431019,-1.6069227236781138,-1.5222413867427655,-0.018858409144313786,NA,-1.2192014843386256,-1.5417123250419618,-0.3007435017197761,-0.5859753076780222,-0.08082491105880502,NA,NA,-1.5242850494606368,-1.031283824010907,NA,-1.0493282090517542
-0.5381080032063305,NA,-0.9920591684291789,NA,-0.5150875112364329,-0.3038310634987981,-0.6278540152298571,-0.20487729863891713,NA,NA,-1.476166940066977,-0.8761518496824579,-0.9164554995822441,-0.5220102248682109,NA,-1.3748161661394052,-0.4572925582339226,-0.9209395840414056,-0.7523535997529044,-1.1682152114450424,NA,NA,-0.735277489206818,-0.479126988315433,NA,-0.5872377024089419
-1.230128205063019,NA,-1.3424060758579854,NA,-1.766241243224356,-0.2913059175333606,-0.8607930766099912,-0.23564473009763878,NA,NA,-1.2390637846974808,-0.8988257182271392,-0.8674240451274496,-1.1341463890233994,NA,-0.9873391224816372,-0.953836695304522,-0.32560095941143796,-0.6087694659107675,-0.8841807615546129,NA,NA,-0.8664388512893894,-0.6327607393065378,NA,-0.20059637050661383
-0.8731098613784366,NA,-0.5884113290351768,NA,-0.9401771123802268,0.022745382697776952,-0.44501662481708476,-0.8804789632150963,NA,NA,-0.5980930183994948,-1.11758693060066,-0.8200222576692009,-1.7575211934569714,NA,-0.212983127893171,-1.7157941010883848,-0.17351859289135085,-0.6710220267099967,-0.8695486078470221,NA,NA,-0.5719989419309731,-0.4655605796940203,NA,-0.21046856005013034
-0.6422719753094891,NA,-1.4572864583746221,NA,-0.6155669423092152,-0.5934228598721287,-0.17495748665853814,-0.7179376218155001,NA,NA,-1.1997141973884553,-0.5057606743717787,-0.7706674653235391,-1.2680326857506243,NA,-0.8423387324401256,-0.48708356029497807,-0.11070649886782835,-0.48338801035849654,-0.28281759841917037,NA,NA,-1.1713027083439749,-0.5612011994857696,NA,-0.4388596819121897
-0.4951965358773866,NA,-0.8053536865323219,NA,-1.3900613409284104,-0.7653503351914327,-0.2863374991503729,-0.6456195328077682,NA,NA,-1.4521896548230095,-0.3216288033821925,-0.8384173442681034,-0.24053556194021994,NA,-0.535692798650582,-1.0591912447609393,-1.250809255178055,-0.39223802627539367,-0.34416867942051377,NA,NA,-0.9065568941798475,-1.1389030087606358,NA,-1.0506384215606617
-3.0464551740529817,NA,-1.1091150433928632,NA,-0.4283533469366945,-1.3994722283463137,-0.8892258652634167,-0.5347463978396573,NA,NA,-1.3523089297519817,-0.8635057323566874,-0.7987475284934551,-0.9614737048387083,NA,-1.1585482073601725,-0.915400906407159,-1.1238264939862033,0.06665193658739788,-0.8922282958942561,NA,NA,-1.023966425556807,-1.1031102135266122,NA,-1.0194463223043384
-0.9429135258860158,NA,-0.21691694902623376,NA,-1.6213617734466694,-1.1678491267445859,-0.854147029409456,-1.0282075541996323,NA,NA,-0.7229247302834542,-1.3531263166533298,-1.01168026729404,-0.3539714560045594,NA,-0.9960768655805426,-0.5270554825766495,-1.2175669983941648,-1.1454785369618723,-0.3041804768940441,NA,NA,-1.2721908267609714,-0.6432304995430972,NA,-0.6643836373255484
-1.7738790052180406,NA,-0.6638509065988584,NA,-0.8329703165111116,-0.4239654191160824,-0.3712002600027002,0.45807100217719265,NA,NA,-1.1858298558440188,-0.4073366416130361,-0.864461958033746,-1.012471021516763,NA,-0.950433016218496,-0.3605071905147673,-0.9162698836690834,-0.41326926350026427,-0.36689305416815604,NA,NA,-0.8844890110360656,-0.46654018661169006,NA,-0.8770613206087844
-1.5311945719952973,NA,-1.9470176412728946,NA,-0.4776514911614909,-0.6020913874897782,-0.6744751346418183,-0.026000686443581597,NA,NA,-0.028181517158164367,-1.13025461618542,-0.297060320260807,-1.1368847757773795,NA,-0.8064567386623284,-0.5739710254161146,-1.0039041774371629,-0.9611290011482586,-0.6392137269239314,NA,NA,-0.2923277554595525,-0.6955420866985549,NA,-1.020247186479499
-1.5637299506406592,NA,-0.85494587902135,NA,-1.5177711512977252,-1.055931170019162,-0.580876388336304,-0.18590308024749352,NA,NA,-1.122886363143123,-0.43337897354694266,-0.9839710690522572,-1.1668236459715948,NA,-0.13932871019268595,-0.8477622147027934,-0.8651194662654064,-0.5290776299263029,-0.21336985104908515,NA,NA,-0.8855820083447867,-0.668093335046696,NA,-0.6347907592890509
-0.994871217335263,NA,-0.7132717614762726,NA,-1.874665055632759,-0.8390794882505124,-0.9381427702950879,-0.5864684056259013,NA,NA,-1.5732469077844462,-0.5091973281259313,-0.7578520019908292,-0.3660211145882498,NA,-0.24074200686771152,-0.7223280866318963,-0.9559897065019717,-1.089967348571329,-0.02142383475613299,NA,NA,-0.6741507937884352,-1.0180129206009225,NA,-1.2496355727827204
-0.5018622534468824,NA,-1.182783795904122,NA,0.18681347225747347,-0.9167843530048116,-0.7251778842838879,-0.8422118579194371,NA,NA,-1.2711836043874107,-0.4202624574034268,-0.8869494169588958,-0.3815729304153467,NA,-0.5020687227934735,-0.7954985552324858,-0.4160215798139476,-0.7433476467038413,-0.3489882699687783,NA,NA,-0.4710284976803544,-0.4821604826924824,NA,-1.1552804405334864
-1.0400728315182481,NA,-0.4336295862410659,NA,-0.883351249128519,-0.9527991624058306,-0.33639905465610875,-0.33306871702316704,NA,NA,-1.7276452051336386,-0.6194469255830857,-0.4512686873190639,-1.5359113917019742,NA,-0.4782470068463428,-0.9080184879559564,-1.3172990380510863,-0.9006158796911057,-0.841591554346788,NA,NA,-0.31196969395571933,-1.0266638525209075,NA,-0.6964969957310514
-1.3182824358073626,NA,-1.7108410598527766,NA,-1.1544264680569183,-0.9310294083228483,-0.18052763315816578,-0.16908701359092054,NA,NA,-0.8006211402952284,-1.4359705628480501,-0.14693703227187802,-1.082476199506788,NA,-0.2679393811789833,-0.46209942811652077,-1.0998273205463942,-1.254994362351696,-0.20044993866995467,NA,NA,-0.5540606264943397,-0.6926606289483518,NA,-0.32475103500580144
-0.4833996005238159,NA,-1.3319652358517255,NA,-0.8083965542350069,-0.6643332779485657,-1.0980965915698677,0.1470430797724327,NA,NA,-0.8653075630544548,-0.7130171455629899,-1.3404034141405956,-1.700836110680773,NA,-0.6291160279165471,-0.19354866801215842,-0.768229313335666,-0.45243717202614997,-1.0359033525428236,NA,NA,-0.5206009695920946,-0.8501861181716771,NA,-1.287719934713221
-1.2476462823415568,NA,-0.9960146783007514,NA,-0.34267668813965396,-0.40771975093564533,-0.273355950557045,-0.2573325833095318,NA,NA,-0.374465017291661,-0.37203085967126476,-0.4339814466147104,-1.1334483849065267,NA,-0.6400498528379591,-0.18785826109740736,-0.135780046487511,-0.21211673908505452,-0.9601277448053045,NA,NA,-0.9364692611887753,-0.2869028904332951,NA,-0.9686479568934983
-0.764971660839666,NA,-1.3169462445431155,NA,-1.3182786276415757,-0.5633515577729025,-0.6493623235259207,-0.6391392819694103,NA,NA,-1.2600016230457818,-0.6585627605966555,-0.7500119183284415,-1.3418282420530157,NA,-0.8476224720897878,-0.9606072704102802,-0.49032115036257257,-1.200599463259928,-0.3518568246014964,NA,NA,-0.9864121219392212,-0.6570866903786893,NA,-0.35034648361993687
-0.4913941657733719,NA,-1.060760003842641,NA,-1.330830783310475,-0.2895962491358882,-0.46084432682226106,-0.650186667474759,NA,NA,-1.1194322721604213,-0.94847197126715,-0.7786884911892057,-0.8921224523022561,NA,-0.8688019843813144,-0.5010512515711171,-1.2953055255106785,-0.8698753769483576,-0.2521917164602413,NA,NA,-0.4790566712690884,-1.0356493982813817,NA,-1.7111468198260038
-0.22295736689513976,NA,-0.8466330714963416,NA,-0.9479984536667061,-0.8851864952943256,-1.1095421927670646,-0.8918382561931597,NA,NA,-0.5009036138209079,-0.44414498465997304,-0.43337847299618565,-0.4149403006266687,NA,-0.2892236064409001,-0.5762093458585499,-0.9664110276893395,-0.7663896571358088,-0.7050024904235626,NA,NA,-0.30654823612239784,-1.0463763246504587,NA,-1.4032408546831423
-0.4808718233856017,NA,-0.40089329672455004,NA,-1.2949686742828967,-0.4313424864460409,-0.7571105204358687,-0.23659269625256993,NA,NA,-0.8602569717859189,-1.29258118264913,-1.0061022641091035,-0.5025554784503018,NA,-1.0796460556362835,-0.16754742637119532,-0.15238238368119883,-1.2924148621815448,-0.6302193427707574,NA,NA,-0.3084150378945078,-1.2329747542035694,NA,-0.6538418607332956
-0.8602971313239604,NA,-1.3928013082599233,NA,-1.534173422008384,-0.32123684471226677,-0.7973450054069875,-0.7599059727462645,NA,NA,-1.0987541475979983,-1.2611933281717858,-0.4905536134744463,-0.1136060264121906,NA,-0.5408383065658393,-1.4154634158882848,-0.9499638780360736,-0.09241408416730476,-0.9542851668407094,NA,NA,-0.6494877750198614,-1.1890133542536214,NA,-1.3449206671485783
-1.4101790754680499,NA,-0.253078399389676,NA,-0.6942692732983221,-0.3761043023205822,-0.4324971790056632,-0.3852431814299958,NA,NA,-1.2635604101141547,-0.5977203257845014,-1.3689971457782453,0.044001654149334476,NA,-1.4577495108775753,-0.4506612956742366,-1.0088112345316387,-1.596668688902142,-0.9843034631820227,NA,NA,-0.4511465800733513,-1.337581629137858,NA,-1.2135370677927328
-0.6952308678128196,NA,-0.6809601872685551,NA,-1.2540565910356236,-0.3352978312629022,-0.2663758245822831,-0.8881931371714605,NA,NA,-0.48139084111279595,-0.9497075133903673,-0.584725003673227,-0.8956045423677521,NA,-0.442149072658245,-1.0808609227274468,-0.9071842981697875,-0.671105990697384,-0.4894076250719664,NA,NA,-0.5786262223475684,-0.3227548218633593,NA,-0.7238686018405853
-0.7905176900353158,NA,-1.2427536732577313,NA,-1.4652661801937323,-0.9218729940665987,-0.7176283938979124,-0.7018282512385963,NA,NA,-0.9091860780855816,-0.6032443601966703,-0.5914220680911444,-0.36395509016931044,NA,-0.5970034749194847,-0.28850203527456886,-0.5541425638582691,-0.07567525370607539,-0.1702319866128054,NA,NA,-1.1757655507833333,-1.0147166387429556,NA,-1.4457901307280643
-0.695451105384928,NA,-0.5981657690769974,NA,-0.9786517658319962,-0.29405218230218155,-0.6112314364202913,-0.7361335223373082,NA,NA,-0.6258625851372346,-0.681124426875001,-1.460082824492826,-0.44429330917308263,NA,-0.29216967010162287,-1.0088585713642855,-0.1764210492797175,-0.534846831010678,-0.9432419777100933,NA,NA,-1.4468291677112346,-1.172859108294311,NA,-1.5260049523474317
-1.480265931249348,NA,-1.153506426154579,NA,-0.5342673444765647,-0.3405826799672321,-0.3372260077876395,-0.4768257687680805,NA,NA,-1.2332852067988433,-1.0830394549280933,-1.1369297437799695,-0.9045039981944736,NA,-0.3138071719535005,-0.10868072527358114,-0.9417848488300613,-0.52850819272997,-0.9767887287729131,NA,NA,-0.8071737001487065,-1.041195648823275,NA,-1.217121093529023
-1.1166839628810932,NA,-0.4137326642801712,NA,-1.2002670859900555,-0.7226305656418661,-0.6082577282090069,0.3101031131652656,NA,NA,-1.0323568895679138,-0.9338703214598648,-0.2306724610352613,-0.8140483343421746,NA,-0.191284940444618,-1.0245576543015202,-1.0386811200238388,-0.2059646224977802,-0.4594609125590039,NA,NA,-1.4478396675020035,-0.6362397509843396,NA,-0.5285764751433133
-0.8914124362333475,NA,-0.392677716657563,NA,-0.8518545386342287,-0.6042794606475796,-0.4953824644842391,-0.9250484395355653,NA,NA,-0.6825676589947756,-0.7087489244931046,-0.5072391876250995,-0.8671585116417454,NA,-0.024317035564905158,-0.46299563808403726,-0.9952774404593904,-0.4921925676908664,-0.28429053492661976,NA,NA,-0.927770758103086,-0.2029161190856262,NA,-0.6542923702361066
-1.5931575944969887,NA,-1.313976713125748,NA,-0.7752606354783825,-0.803888415936121,-0.2635218419686511,-0.2866613780406119,NA,NA,-0.7164851885017953,0.26283937805417973,-0.09873449402349613,-1.2758412661236718,NA,-0.9038913588493578,-0.4203385718585233,-0.094461097381782,-0.46271292098318983,-0.7307255666888202,NA,NA,-0.2841906332539644,-1.083711268762519,NA,-0.923406412236961
-1.0034882170116215,NA,-0.9896699478828577,NA,-1.2909052671267796,-0.7769869475084885,-0.4822891519592596,-0.5510898348451349,NA,NA,-1.150601117895403,-0.5035522766061348,-0.7129277053037769,-0.31568704671870823,NA,-0.751854076445726,-0.7028466776020648,-0.1397995578591762,-0.8532686250644349,-0.8485345327444329,NA,NA,-0.5474280654976136,-0.4152236855012575,NA,-0.5424244296831289
-0.5687348270741828,NA,-0.7697523790131121,NA,-0.6387978927321086,-0.7214857072602132,-0.7153481043128983,-0.8724681812615604,NA,NA,-0.8846995329125769,-0.7208646642716545,-0.5186467126749993,-1.358407517904103,NA,-0.9512915684434702,-0.29248519710760695,-0.9368398861176269,-0.6324092268705654,-0.23116369069486203,NA,NA,-0.4005560374722206,-0.7998032724371803,NA,-0.9075282582702424
-0.7733276111984485,NA,-1.4959482707989777,NA,-1.9489829083546915,-0.20849285485508628,-0.7464849039963742,-1.0997054756042488,NA,NA,-1.1655462669702237,-1.442593381283878,-0.5029752288547368,-0.3824711011917895,NA,-0.7159168595191201,-1.249386171927981,-0.27630547000879035,-0.5847057510659972,-0.9004697776095144,NA,NA,-0.3700342081734938,-0.5918080303962161,NA,-1.366510613884745
-0.43426245346530296,NA,-1.1560736310130673,NA,-1.4295280257049072,-0.3696801363843036,-0.4408311910470106,-0.9271165707659034,NA,NA,-1.144707182311517,-1.2878675257696786,-1.2843795017070618,-1.1152082391068778,NA,-0.5735565789632902,-0.2802767212281481,-0.3503887176243657,-0.7299059097475993,-0.5311538626723671,NA,NA,-1.4227580438175982,-1.0941370608642436,NA,-1.6228852062108086
-0.692256529622048,NA,-0.6838148517395529,NA,-0.5087214110069324,-0.28390785328855245,-0.7859482531981512,-0.6461687078404499,NA,NA,-1.0733050459869908,-1.1290386484522459,-0.41441361789762443,-1.4651276679416312,NA,-0.6967864497962871,-1.2619236586086326,-0.21356475423674048,-1.4099742236825858,-0.723907125583118,NA,NA,-1.0951116871053315,-1.228790195576847,NA,-1.2751273811426995
-0.15707506560073364,NA,-0.7022304887308138,NA,-0.43239489514352353,-0.7588411948145285,-0.8711435877124972,-0.013564187403815427,NA,NA,-0.07562946214839583,-0.3500720553937578,-1.1721458302078935,-0.43736776625737905,NA,-1.230032402703441,-1.297244131464621,-1.1742978078487691,-0.8159772432675384,-0.24983837516982238,NA,NA,-1.3815942614766679,-0.6277134853473622,NA,-0.3544608077092601
-1.4512105803917132,NA,-0.9684936608214393,NA,-1.0318675028022695,-0.9888275703074859,-0.5813251154513296,-1.0526365223445724,NA,NA,-0.6804427589516744,-0.9321408364053376,-0.8362657089636504,-0.39585906471539234,NA,-0.39162298417437236,-0.7653363009635199,-1.1483485141834457,-0.522373758882071,-0.5521096569391799,NA,NA,-1.7414538011674172,-0.7940898802728846,NA,-0.4336160846305214
-1.1778405080467909,NA,-0.4049171631109752,NA,-1.200466461099961,-1.2887766137314522,-0.1289096159172047,-0.7789157900941969,NA,NA,-0.8814295432579353,-1.3801769792189502,-0.3736726601805104,-0.43320316659814323,NA,-0.6496704169104051,-0.6351587121326887,-0.7278957759790718,-1.3454007329314082,-1.0244175932635091,NA,NA,-0.6410798456570758,0.00892742064697932,NA,-1.7338373754702507
-1.196511531953175,NA,-1.6422311902886357,NA,-1.6313893484725395,-0.6392111678901163,-0.8370417199768247,-0.9715488131209055,NA,NA,-0.6681222418057935,-0.48973644893801915,-0.4954288937648935,-1.3107838472772173,NA,-0.6141697957860879,-1.0034860533773233,-0.905061307715663,-1.272807872952094,-0.8166609910030042,NA,NA,-1.32619438493305,-0.6360204096866094,NA,-0.5050703759767335
-0.949381469161204,NA,-0.4915637137975324,NA,-1.4351293039531323,-0.06806005925433616,-0.5104764282910689,-0.7248377820080116,NA,NA,-0.6204988103975043,-1.4862521170726104,-0.7531637788138885,-0.5510468096747795,NA,-0.8379415018179618,-0.47983636042432204,-1.0535269367328577,-0.7830560946953238,-0.8233840580897996,NA,NA,-1.4141073091807617,-1.4461089140015717,NA,-1.059610970453773
-0.6472830337313307,NA,-0.79190942428409,NA,-0.48804503022774326,-0.9533048098908071,-0.5051363976968258,-0.8773053223176938,NA,NA,-0.38717757784932655,-0.8611563605035575,-1.1767610110536895,-1.2191195079238202,NA,-0.4689322402323084,-0.9862468452249414,-0.9347355876218474,-0.3128426482671803,-0.382061636822686,NA,NA,-0.48891893615882503,-1.1984929795663715,NA,-0.38899266211353084
-0.4911268996293677,NA,-0.32608358459564923,NA,-0.9895311245285529,-0.5675959068160488,-0.4994947482413346,-0.37165921070515234,NA,NA,-1.2582922606070674,-1.1861074381513186,-1.0454428452701183,-1.0761076372194882,NA,-0.7778800729810645,-0.0912452700165271,-0.9025752835381439,-1.1975463207445818,-0.25071264253808445,NA,NA,-1.5354050817220493,-0.8872904864653522,NA,-0.2346331777391219
-0.3096737323544717,NA,-0.30398986341330786,NA,-1.1064339297708137,-0.5491319069943493,-0.6971946584393042,-0.6155186245845892,NA,NA,-0.7342501135095709,-1.2780055831125234,-1.316936579910223,-0.8980535820541171,NA,-0.8514001304027146,-0.9160566943320807,-0.4388124257367556,-0.6473449230631622,-0.260473557270633,NA,NA,-1.2891200485581347,-0.3854735244523304,NA,-1.1686000384587736
-1.3530095971138458,NA,-1.2378948379913288,NA,-0.5090895880263854,-0.5377073938387967,-0.3105020957780458,-0.3181541114112086,NA,NA,-1.2930781642352702,-0.5672616137635565,-0.6249795038734811,-0.2789076596886175,NA,-0.13467085280656027,0.10540510956722074,-0.6263675794971278,-0.39044029312718886,-0.8222114909705744,NA,NA,-1.0941249933188368,-0.1236684155687357,NA,-0.6110963238320959
-0.3422763414960148,NA,-1.2507434717091224,NA,-1.5300706801984403,-0.4364961518772384,-0.9916933011460708,-0.9038994465930076,NA,NA,-0.8113065414300683,-1.3011118875377634,-0.4804792786312295,-0.640526008119688,NA,-0.5108606550847348,-1.1045683260782422,-0.5989159932226928,-0.4114314144475177,0.028985309899165108,NA,NA,-0.2062912985322966,-1.3284816308679632,NA,-0.31713752132320877
-0.2329698935898579,NA,-1.131264457539439,NA,-0.5888279482367011,-0.3635272675374202,-0.29562549445206654,-0.45337180058711557,NA,NA,-0.36854840368485725,-1.8176695315754556,-0.013426126059440045,-0.32874433218951993,NA,-1.1390669474859378,-0.901130006261249,-1.0754039002539526,-1.2479560036213815,-0.8554534533695296,NA,NA,-0.8960947798832967,-1.3117408065279883,NA,-1.2254914872773373
-1.784078345272949,NA,-1.568489835403645,NA,-1.1798834802796971,-0.36473313345825864,-0.33839835808028473,-0.3346166848430329,NA,NA,0.5205541092600868,-1.487654767695671,-1.5164373330814784,-1.1199329214105522,NA,-0.16641761677329953,-1.3455419035891043,-0.8700171842209468,-0.9693122537495727,-0.6402286204008011,NA,NA,-1.4086981079212253,-0.7245388919845945,NA,-0.6583535301740733
-0.9324866822510205,NA,-0.23439661283005295,NA,-0.9678555225321462,-0.2902392824542813,-0.27554006469400516,-0.9542952867047936,NA,NA,-0.38416176922214335,-0.7060924280884425,-0.520615776664034,-1.3065067554033936,NA,-0.26112228757715483,-0.7732690313690976,-0.5921945109776691,-0.47823189420079015,-0.8083284775231302,NA,NA,-1.8987275593398383,-1.3912879064140946,NA,-1.1758893111979707
-1.7990053095174088,NA,-1.085683379958153,NA,-0.5505236329167134,-0.3464590453471322,-0.18079319147180428,-0.8915025494896626,NA,NA,-0.7839090004488521,-1.7352684098841296,-1.2300991613363796,-1.694773429447707,NA,-0.7410702677555074,-0.18830708766732954,-0.540724715417616,-0.27421168414788344,-0.5600134762136165,NA,NA,-1.806993839796561,-0.3215745120487846,NA,-0.9835577816309681
-0.11294586751751626,NA,-0.4123797891488622,NA,-0.26771949920680765,-0.7839304395837922,-0.9489548089034137,-0.897572091278752,NA,NA,-1.5926363662941923,-1.2892953433308547,-0.1399959564424168,-0.48231572155178887,NA,-0.49018992204323497,-0.7503176345173281,-0.91390425859025,-0.6595381826652044,-0.24290310989777122,NA,NA,-1.4043234991197264,-0.5611019728090547,NA,-1.3430602073135565
-0.28685068885691867,NA,-0.7233476316122556,NA,-1.3761673259440936,-0.8804842798241127,-0.3772414090496909,-0.1911379305673544,NA,NA,-1.130261014791718,-0.6315353246753033,-1.462001678959135,-1.3445980260733463,NA,-0.14918814144532472,-0.5555628722603637,-0.7262523560126015,-1.0450274520119487,-1.1383988237353047,NA,NA,-1.7088875690006062,-1.3642407597798805,NA,-1.3784301892120372
-0.8114701111404716,NA,-1.2796145362421756,NA,-1.929179719443253,-0.9241424417592251,-0.2988832219398448,-0.2660401069352943,NA,NA,-0.46910538008158026,-1.148999016755863,-1.1269667804583094,-0.7616625090720034,NA,-0.9713562461785232,-0.4868659123004712,-0.9034328101384825,-0.6453100461093676,-0.9173893247819973,NA,NA,-0.38923892985843994,-0.3241523045314348,NA,-1.324881101164957
-1.375084396890077,NA,-1.4688287550402355,NA,-1.2840690422997487,-0.7855361818937544,-0.9237985822902284,-0.49672783177904917,NA,NA,-1.1915860028931093,-0.7661655774001295,-0.5742270877818462,-0.20698401149693776,NA,-1.01736572996752,-0.6937367888231912,-0.4344591191281183,-1.3717191342489374,-0.8228629410045271,NA,NA,-1.386116514703335,-1.0372118481880073,NA,-0.5102879056199855
-0.2971468165272666,NA,-0.3234050827411547,NA,0.0574246251458644,-0.7468097753934656,-0.4515626167549824,-0.46937414117442383,NA,NA,-0.3996300672764916,-1.6485204609906838,-1.3555770095947512,-0.3823611337104114,NA,-0.08091440707206653,-0.29175750497972797,-0.44978978908145895,-0.7188472129025313,-0.14160322142312654,NA,NA,-1.4389061740699516,-1.301812704954726,NA,-1.4093541735089863
-0.6036341782830325,NA,-0.17871870661543687,NA,-0.6321998384701414,-0.883221894642748,-0.6204510444906816,-0.12173605164772386,NA,NA,-0.7670129164169196,-0.7474792363487343,-0.48935556254330365,-0.3954839672006025,NA,-0.6902407279657569,-0.26074288973036125,-0.8062814057579724,-0.37101483656131456,-0.7964128859629728,NA,NA,-0.18695688147825013,-1.8652162669376162,NA,-0.4211549880259191
-0.49656187403385355,NA,-0.5717854228689165,NA,-0.7424217048135344,-0.27127874722112455,-0.5500729582598246,-1.0374010491398695,NA,NA,-0.7987832483290317,-0.9121378759551447,-1.290691790866646,-0.3353532191418442,NA,-0.9600826934781108,-0.5848159496101223,-1.1951613158840129,-0.866730398248805,-0.4083365164020417,NA,NA,-0.9063607422006628,-0.9258794146503495,NA,-0.6895881226335451
-1.3102006701444644,NA,-1.201462651827985,NA,-1.6318664769985318,-0.647634446249585,-1.0896450070489105,-0.4559989622889501,NA,NA,-1.2805774416888709,-0.764046701375144,-2.1591405719317494,0.0932477404710649,NA,-0.41793607192045396,-0.5630875041216588,-0.9007851344402139,-0.37679616662736143,-0.8226208809322139,NA,NA,-1.7530781207247357,-0.745434326812665,NA,-0.3321834513096996
-0.656863444253816,NA,-0.7068111537711462,NA,-0.49260575579784727,-1.1212536856640363,-0.9230202336659907,-0.8852020892191002,NA,NA,-0.47285700790926605,-1.25396713360087,-1.013485915727236,-1.1425147633509702,NA,-0.5097865989950997,-0.826190738175514,-0.8424139876672778,-0.35461290030386255,-1.2089072001708032,NA,NA,-1.5255946809321541,-1.1008886763662802,NA,-1.1529098213241533
-0.6182868396644637,NA,-1.5774518562343849,NA,-1.121931302185355,-0.8585151755099345,-0.37263174809511534,-0.8749884718519881,NA,NA,-1.172362718467904,-1.0225844384325156,-0.456487876378083,-0.7363174339147232,NA,-0.5937674015103801,-0.9925930133673261,-0.49996187748932236,-1.1309738696076703,-0.35228010184640474,NA,NA,-1.4506138047307677,-0.9765975786198676,NA,-1.1880924492910636
-1.5089191040231988,NA,-0.9354197129918517,NA,-1.7682873834635298,-0.5460145611188346,-0.599925776349383,-0.9610424432546667,NA,NA,-1.2765590806158063,-1.609699289956825,-0.3934528597789097,-0.5301023059200263,NA,-0.6836826770059852,-0.26898797713227846,-0.8002750976963087,-0.6771456913657857,-0.3189471818208683,NA,NA,-1.1248865885813983,-0.8907823400877141,NA,-0.4317208881308382
-0.5698353100385599,NA,-0.42374364798814934,NA,-0.5830877190519702,-0.9306323144177955,-0.3442165708281483,-0.8465792186555916,NA,NA,-1.0958093427066196,-0.5686902614130286,-0.5068013605347345,-0.40516354986094844,NA,-0.059752492201517904,-0.8335882301778059,-1.0583863952803778,-0.8685614736421967,-0.19107785665710572,NA,NA,-1.482702450185492,-0.6162915076464455,NA,-1.4937630823188197
-1.7862523593308304,NA,-0.45738217980522505,NA,-2.130640748515904,-0.49143367576061264,-0.4765730894831396,-0.7154580963229928,NA,NA,-0.8980405351928052,-0.810527977500998,-0.6998303970125226,-1.1744571001828834,NA,-0.6140365504515914,-0.4041909614015161,-0.7665566262573281,-0.5295416420628224,-0.36810138632684597,NA,NA,-0.4980555887722171,-0.41986761462178973,NA,-0.5883717201354409
-1.853144858491317,NA,-0.929307711768403,NA,-1.293212816634833,-1.0869231844265856,-0.3552054659178435,-0.4492960133038148,NA,NA,-1.2516584756574693,-1.7188804355418563,-0.6309133102474751,-1.1555514560433748,NA,-0.89351708849084,-0.7325074543988125,-0.8886696509375772,-0.5079993284237688,-0.3273105427244126,NA,NA,-0.7082805849490773,-1.3642363202108256,NA,-0.7610483173622754
-0.07552506726723023,NA,-0.13285190893957657,NA,-0.3497586873693864,-0.917510060588262,-0.3226285154484506,-0.5158985370292065,NA,NA,-0.8146099554001245,-0.5497032126960759,-1.4156738027586284,-0.1959377619269612,NA,-0.41615931907809467,-0.7086434777079205,-1.5329320791117116,-0.5958940611732676,-0.9476868139586546,NA,NA,-1.6393028539828665,-1.2302395282692984,NA,-0.9165479134563158
-0.40361960043497835,NA,-1.547280934361862,NA,-1.0294200281249637,-0.4269708285666631,-1.0229476066922183,-0.33528511598043154,NA,NA,-0.8848362766279341,-1.3542843410700651,-0.7899650268109181,0.010445380706487324,NA,-0.9487964603512068,-0.4501072030157329,-0.9607244878428326,-0.7914029439458169,-0.8592813914666609,NA,NA,-0.7267735658925831,-0.17027594374901933,NA,-0.25479135879495285
0.2629049816144192,NA,-0.26624142897076425,NA,-0.6641297501841106,-0.9833594462541254,-0.4089268142288516,-0.7022054511688535,NA,NA,-0.6993578631315337,-1.0777842436037406,-0.6716853446907234,-0.817807146313484,NA,-0.08889278182874576,-1.290233656354832,-0.970424671301309,-0.602317801797684,-0.36971122577067683,NA,NA,-1.2867172334160235,-0.893281685536168,NA,-0.5767842277859032
-1.5859553860823694,NA,-0.9464277603346968,NA,-1.2135018105574569,-0.33778803523586964,-0.532191907713136,-0.5448375325200494,NA,NA,-0.536867147990068,-0.3777949173498055,-0.3158777286844254,-1.5591053285728824,NA,-1.1100284653861094,-0.8645012163194703,0.16443373959448782,-0.5737004230685162,-0.5271091330026224,NA,NA,-1.036969688888145,-1.0597016745377248,NA,-1.2222114434804667
-0.2934120290246649,NA,-0.3687306265298067,NA,-0.5113962386715706,-0.8485009475645505,-0.3866178482192013,-0.34845261554957996,NA,NA,-1.2135415351117882,-1.2254606424151417,-0.8017257879522729,-0.6785418933143772,NA,-0.8975089203144169,-1.309540517062609,-0.16079700378754852,-0.5043372695098112,-0.3281511228790616,NA,NA,-1.2744779927245116,-0.5915580386809345,NA,-0.7738735221215561
-1.6828057112617547,NA,-0.19756818232147424,NA,-0.8730917996600146,-0.9290931586709535,-0.6330375778334083,-0.68118450443332,NA,NA,-1.174789942539885,0.12041721255549334,-0.8158682441500743,-0.46460096260990597,NA,-0.8331798679046161,-0.1557910830484113,-1.2671046132226444,-0.6105535428263376,-0.41818862958145686,NA,NA,-1.087605160942905,-1.121477703261363,NA,-1.4184107319313455
-1.5973125322694441,NA,-0.7859610560193462,NA,-1.12015200226459,-1.026105228480585,-0.37901903925294816,-0.8038774570985157,NA,NA,-0.3036704929542869,-1.300942503534043,-0.35304901028559815,-0.9951622012757182,NA,-1.144199925435819,-0.9634909141210114,-0.3733882449291911,-0.30881790786262703,-0.34706983621760523,NA,NA,-0.6989346577845139,-0.9248830169291288,NA,-1.4049343004379184
-0.5885281245829956,NA,-0.4371790214425516,NA,-1.0756602387201002,-0.13015920841841377,-0.6813813902309792,-0.9364829330330953,NA,NA,-0.4813337230099901,-1.4622968632917073,-0.4715551152961296,-1.3141419904043015,NA,-0.6623379348122356,-1.4284585248638055,-0.9442543612768934,-0.006583015595271046,-0.18846217186140143,NA,NA,-1.4181072365475884,-0.9247942386580366,NA,-1.4747169452044633
-0.36314325051528806,NA,-1.155276930292626,NA,-0.5620188098522931,-0.7177037010492505,-1.126053001255447,-0.9097776978042801,NA,NA,-0.2244748986863244,-0.2939594287004898,-0.6592559135273752,-0.7702627599906413,NA,-0.8546222471976898,-0.8238960884563775,-1.2419841311794955,-0.4061354056749469,-0.7618887645763884,NA,NA,-1.5154051403494277,-0.4241644987353835,NA,-1.304509619497939
-1.3847459417708265,NA,-1.20475538486416,NA,-0.711366247927227,-0.7415580969260566,-0.5055363407508957,-0.4166455184612279,NA,NA,-0.7037870106130332,-0.07789514582762268,-0.6624227773854972,-0.34337311291175826,NA,-0.14378413898816592,-0.28378385220545216,-0.11360279302690059,-0.7721508264084075,-0.281885255236271,NA,NA,-0.4196449206471357,-0.7233888089715828,NA,-1.420037973851625
-1.0065888991439338,NA,-1.0976551698645913,NA,-0.28478651266812965,-1.0726090326571784,-0.2745195827216495,-0.36396696128312733,NA,NA,-0.7119843464528985,-1.6091719809042029,-0.9318250592681583,-0.687424590408268,NA,-0.9381779703522315,-0.6902103142309304,-0.9113490431925506,-0.8524344166442508,-0.19897558611480698,NA,NA,-1.3039010590591595,-0.8442299489785002,NA,-1.1167072109930687
-1.091837295861416,NA,-1.4521733912015713,NA,-1.3130770463670325,-0.9067391679911362,-0.832317824784429,-0.705577685668481,NA,NA,-0.681144407556998,-2.4337163931410744,-0.39904277971007335,-1.1775797896005298,NA,-0.8352403534103326,-0.4067220570094789,-0.7215668937556861,-0.35009352908796887,-0.4591284345764495,NA,NA,-1.3650725473553507,-0.1653945519589587,NA,-1.2442762548685016
-1.364214170261307,NA,-1.1110272280543099,NA,-0.8364345836206015,-0.9053422935610196,-0.7512278074598889,-0.8470261502535342,NA,NA,-0.35381014381845177,-1.7544874207486603,-0.38004281276166924,-0.8706195432024348,NA,-0.22339770415303367,-0.7148477143222823,-0.6868213616247445,-1.2651451432001997,-0.4728307715303371,NA,NA,-0.40176670778454787,-1.236869124256089,NA,-0.9064615643788607
-0.7151995184926269,NA,-1.4205129001467183,NA,-1.1941525239375697,-1.0318291864370068,0.015860415445657763,-0.8893789471201475,NA,NA,-0.27814382133498183,-1.1803641070026694,-0.6464357362396568,-0.772584598346727,NA,-0.31086360247110517,-0.42194869695892817,-0.7852446755491244,-0.05450892637502501,-0.8459499152704186,NA,NA,-0.897632835824929,-1.1604895101509047,NA,-1.1869081694307488
-0.593835143752809,NA,-0.3699303053103845,NA,-0.675802853282322,-0.15741232650910542,-0.5516641815124854,-0.06061572686531356,NA,NA,-1.1381148035609279,-1.8678812244247527,-0.37613077103811887,-0.16071133489134995,NA,-0.7034539834361981,-0.41440207122227135,-1.0945017806847284,-0.019227121195491914,-0.647663913152921,NA,NA,-1.5449382904358575,-1.1322149008813622,NA,-0.3040563443353983
-1.1711706317841692,NA,-1.3404820307283873,NA,-1.7866387857193153,-0.5476607540192739,-0.9693831580535581,-1.0711973424099295,NA,NA,-0.5484979942955839,-0.9760609860973075,-0.6620707844554324,-1.185144177015512,NA,-0.7737467481583952,-1.3172366037057617,-1.2666727621968035,-0.36081366614244653,-0.7775168216208567,NA,NA,-0.8293119642094091,-0.2503868551384089,NA,-1.1368802219668848
-0.6292193990288492,NA,-0.5341651358357232,NA,-0.6242829540385402,-1.154406844061598,-0.8653317067746051,-0.8570319214007882,NA,NA,-1.1817922917886412,-0.7626042236043395,-0.9553395765612284,-1.0786876724652699,NA,-0.8045715832026092,-0.9388496755416439,-0.9308591395640167,-0.5038839047804163,-0.4437362456313258,NA,NA,-0.33171810138289365,-1.0027743996674616,NA,-0.7305993194310751
-1.5257353492140435,NA,-0.26646301386564536,NA,-1.1724782622128556,-0.8900377770447089,-0.5387046494752481,-0.37629853707234556,NA,NA,-0.7862591794215376,-1.5519545354972981,-0.7750990157958609,-1.1911581506170255,NA,-0.7944850792900648,-0.4862487492090781,-0.32840028983965996,-0.9347582699514233,-0.09117735526753054,NA,NA,-1.2906375008307795,-0.5465665256915447,NA,-0.6385020397747057
-1.2232594095179479,NA,0.10715570210930074,NA,-1.1271012972673147,-0.29502434528493876,-0.9175184870011658,-0.37903755285299323,NA,NA,-0.664927288152922,-0.5464307767978993,-0.9831500636854177,-0.5791963706788741,NA,-0.42195785588065887,-0.9314003021576253,-0.11741369691881227,-0.5779358694776429,-0.32746362407241664,NA,NA,-0.2709413461563619,-0.8407171373618348,NA,-0.9520972165030739
-1.3943067822504869,NA,-1.9676863796145214,NA,-0.5058254904044218,-0.29939579939782457,-0.21033345783056256,-0.46438875253197803,NA,NA,-1.2853677015044034,-1.3307880767499933,-1.3152784244771583,-0.7867312662397385,NA,-0.39994088681591156,-1.076894451135535,-0.3167974214475247,-0.6241191283594686,-0.28967849331338485,NA,NA,-0.9804861775702718,-0.6416630807026023,NA,-0.9177442437105463
-0.526812674697354,NA,-0.6533514724469771,NA,-1.4024471867833037,-0.5692604035194516,-0.6179899140897732,-0.8088221645669326,NA,NA,-0.8975168720636779,-0.6872152549147366,-0.7612788580446022,-0.9155683908265785,NA,-0.28628646896089105,-0.1218981254122098,-1.3210520132310368,-0.4774682452222588,-0.824683896255715,NA,NA,-1.54044652053459,-1.3660217807752468,NA,-0.9005846948336559
-1.1639226181954143,NA,-1.895423597528567,NA,-1.4560988049666779,-0.600922251631731,-0.6378826282418706,-0.8926141937728033,NA,NA,-0.6179765535889946,-1.4463897030107857,-0.5430681734230436,-0.3314871681287274,NA,-0.17357077384815733,-0.12254287696174843,-0.6021737172079389,-0.947116965755796,-0.6308052229377087,NA,NA,-0.7243368409222037,-0.924403414763421,NA,-1.1780638209149414
-1.537869070101351,NA,-0.7346013583227973,NA,-1.3441183504935226,-0.7031621480895694,-0.7317703298354593,-0.8893039175000863,NA,NA,-0.4313664641036802,-1.0953506922090248,-1.1215806829656456,-1.4625784833616309,NA,-0.8753506387445671,-0.24967571846559047,-0.5302416331819946,-0.08160298623879073,-0.30262292600265706,NA,NA,-0.5674899295379229,-0.21267942976015927,NA,-0.4680571664824901
-1.5717630545185346,NA,-0.9631238874996745,NA,-1.4202124547592678,-0.48516217527333116,-0.539918217596565,-0.8137050175725861,NA,NA,-0.44719630730558807,-1.7303716766528359,-0.9121540720601863,-0.4290112615933753,NA,-0.08932893303385865,-0.41365921028647673,-0.375323910730686,-0.6765160640298926,-0.38149282311346316,NA,NA,-0.43079900767446466,-1.00248374520631,NA,-0.2906813051185443
-1.6273016102115208,NA,-1.596312564551578,NA,-1.9121334428506702,-0.3147726847602537,-0.8894857829985602,-0.20844867443718557,NA,NA,-0.22809106747527266,-1.0914892380334846,-1.2634944062371756,-2.612792276265195,NA,-0.7977798074034865,-1.0957691165231465,-0.6875035033122788,-0.6557022270922028,-0.19177154321322995,NA,NA,-0.7224429354368004,-0.3094660845167559,NA,-0.5230830902098184
-1.5003013788363833,NA,-1.3599450884334419,NA,-1.63705054416348,-0.34137020117198447,-0.2260073084956155,-0.8957439987656388,NA,NA,-1.3773611651024968,-0.6210226484220844,-0.5291462479140716,-0.4623741552875545,NA,-1.074488394655016,-0.3408371554875892,-0.775585607001838,-0.8331727451435104,-0.6618173753741785,NA,NA,-0.7873903229748708,-0.27954349472324447,NA,-0.5380430576545473
-1.6385351438763165,NA,-1.2429421536563763,NA,-0.4808031840589599,-0.8452016653610877,-0.2392787350710123,-0.8597013954728167,NA,NA,-0.9774132715108406,-1.924974924190093,-0.9629945017930206,-0.5439014768044813,NA,-1.0537770044761712,-0.2667589101002278,-0.32779051668918197,-0.10174558402926746,-0.5272733028468409,NA,NA,-0.738764579718798,-1.2181177729294685,NA,-0.8582582730623426
-1.5499147284102102,NA,-0.4539727065611581,NA,-1.4050166559942114,-0.8339169911127678,-0.20918532402696927,-1.045433455693405,NA,NA,-0.4762948958681767,-1.310981119252636,-0.722614003348862,-0.45908121037173666,NA,-0.5895101102381777,-1.0831708041770598,-0.5597601979625643,-1.3454315750830552,-0.595198376283626,NA,NA,-1.4467523003680391,-0.3912510723151904,NA,-0.5916801064675473
-0.46363455654474356,NA,-0.08293634682982752,NA,-1.1544840752277623,-1.0179975625642892,-0.11224915541047438,-0.15276502946680118,NA,NA,-0.4583919275743505,-1.0091081695345843,-0.8549309276368048,-0.35079944906959476,NA,-0.7527189133915916,-0.28626154693622047,-0.4341030447154926,-0.6093941037158185,-0.8420953172800859,NA,NA,-1.3327420846617999,-0.5853699797607527,NA,-0.51758316704543506
-0.8382626946116166,NA,-1.3589920423019184,NA,-1.0508784252138381,-0.9215526611531604,-0.7383154816723904,-0.20005157720841646,NA,NA,-1.4769634985491231,-0.9038946760343025,-0.8666412486453517,-1.2893329896728312,NA,0.09666394704652219,-1.3414341018154607,-0.42900516165260194,-0.7729705786663993,-0.3909532698328558,NA,NA,-1.364979081070622,-0.9119823979873506,NA,-0.37738370966236595
-0.7915911287914941,NA,-0.18276187063553087,NA,-1.3736809322633519,-0.1868161969994766,-0.5264965063824552,-0.8361134559623555,NA,NA,-0.4772133645080978,-1.6019211996849083,-0.5973139769031135,-0.5582154115713696,NA,-0.4581201001381154,-0.9512796108783175,-1.0198220396828452,-0.8996230658021114,-0.5525922660632364,NA,NA,-1.1329592805726598,-1.226299736244438,NA,-1.1531737931860564
-1.5737318710918702,NA,-0.6511203246876239,NA,-0.14529440593508167,-0.10116237597656648,-0.23567894209240076,-0.2908430105833446,NA,NA,-0.42406086800792964,-1.5650219819761846,-0.5138511652966664,-0.9317903143424674,NA,-0.7764951357277993,-0.20146866394356358,-0.3178033943365727,-0.400847418216441,-0.7058159051840339,NA,NA,-1.3652376229437655,-0.7045984732016345,NA,-0.9092933171098425
-0.263431718819119,NA,-0.20724687899011024,NA,-1.2929716853826676,-0.32178068458802717,-0.3394483769636136,-0.9539627296425727,NA,NA,-0.34674841046659394,-0.37569334004275057,-1.3209808389574627,-0.4986533326464439,NA,-0.4998426069333177,-0.20426329603531326,-0.13635176671270702,-0.5390560170376494,-0.8238686551696193,NA,NA,-1.0135143019176163,-1.3264336230994984,NA,-0.20152964010959962
-0.6744331010619296,NA,-0.4883901931579639,NA,-1.3682174462610768,-0.9092324710864332,-0.2620637925674272,-0.4598354332400878,NA,NA,-1.3698238861305294,-1.10944639455502,-0.8203144609654668,-1.302836599724496,NA,-0.3813075695480848,-0.803116217598943,-0.5305339266612327,-0.20665832837114292,-0.6606802158678012,NA,NA,-0.3120194744504946,-1.285088411290282,NA,-1.422495961920043
-1.5542746261539941,NA,-1.0427149435687422,NA,-1.1331302863012613,-0.8464444123831419,-0.3438537657022843,-0.9311824238718525,NA,NA,-0.3361358891438962,-0.19438100645471013,-1.1597593843338379,-1.303570905150808,NA,-0.8863180283947015,-0.9693340958713094,-1.376258711491222,-0.6137140098232907,-0.4799328958026742,NA,NA,-1.5321691722858932,-1.239162064087875,NA,-0.43279753377428204
0.14149822050454355,NA,-0.6125864581031836,NA,-0.6616934395124813,-0.14422217505604956,-0.6468970198699951,-0.8535517122890841,NA,NA,-0.9028927877628383,-0.4960649798490648,-0.9224872481954325,-0.79180834516887455,NA,-0.7701497603829717,-0.4424655255542964,-0.924731569390208,-0.5423002798910865,-0.38228993445407483,NA,NA,-1.0508043191628806,-1.3666734538778635,NA,-0.4327506265079276
0.31427332833037264,NA,-0.2736923209606213,NA,-0.8786529904545045,-0.12234745757371654,-0.401382698226539,-0.6859696187018154,NA,NA,-0.7550410849974769,-1.2186129001513408,-1.0123796418124988,-0.33912853376184543,NA,-0.41860540719619516,-0.47231588619159565,-1.2440236294716387,-0.5327613999765436,-0.9116705432684415,NA,NA,-0.9728494153075067,-0.5651958018885446,NA,-1.090138414878312
-0.2710958849686991,NA,-1.106365863794278,NA,-0.13970874981058057,-0.7440559054760925,-0.748054577578692,-0.406568236837022,NA,NA,-0.5032413670098368,-0.7830710066757727,-0.8146583843282849,-0.41624605679237975,NA,-0.30857183214629186,-0.4141066890642987,-0.4259605056678547,-0.8254251110605725,-0.22310205099934474,NA,NA,-1.0986599299559303,-1.4464305074756978,NA,-1.1264833783339054
-0.5809795531277284,NA,-0.565922119666761,NA,-0.9194271442293037,-0.9992986943372305,-0.46504674597726775,-0.781152790786053,NA,NA,-0.46661070382955655,-1.2771669874708025,-0.45841499811907815,-1.2023865137762506,NA,-0.4829399146535761,-0.6038507650140262,-0.8635313519886211,-0.1664047231563772,-0.8798864597390235,NA,NA,-0.3583622547728753,-1.6803906489708393,NA,-0.6321393044125632
-1.795988318558448,NA,-0.47081396552165716,NA,-0.5617065459164149,-0.9602077729677431,-0.8750161125049724,-0.2996853861931813,NA,NA,-1.1326561655093434,-1.2177547135147435,-0.7006309096879252,-0.31372402861288606,NA,-0.500065506055665,-0.5113612356762766,-0.75220064787352,-0.9983105132895224,-0.8428147579287459,NA,NA,-0.7810805949460631,-1.4619563127889204,NA,-1.0320595736269196
0.29840614827225304,NA,-0.4292849346421691,NA,-0.5718702030024997,-0.6985669943250256,-0.4729414518952307,-0.6766542434756609,NA,NA,-1.0215057089138253,-1.2019472569225664,-1.3498264057647085,-0.4479155744815655,NA,-1.11056952710501,-0.23500300917887518,-0.8738242721865246,-0.6732192438826277,-0.38933979336055174,NA,NA,-0.810771164430126,-0.7874411157228852,NA,-0.9073002975177386
-0.47454777080614874,NA,-0.6695277923636969,NA,-1.4427801619002385,-0.4496676056684694,-0.21499482582202842,-0.9358969133977897,NA,NA,-0.6138232902428733,-0.2890348535882918,-0.5477514185709348,-0.9158461461727821,NA,-0.6413724454840096,-0.2763985822721161,-1.0752243195368765,-1.1832553421572485,-0.6243543176983529,NA,NA,-1.1042684754248742,-1.0727114248541798,NA,-0.6380662916178497
-1.3070837003409002,NA,-1.701669542113021,NA,-0.6268149247926782,-0.5259084547424511,-0.5835564038435948,-0.2979486702912555,NA,NA,-0.741596343363194,-1.1210629532850085,-0.9684122228978851,-0.5715675630085432,NA,-0.49022378636891495,-1.0372400005455609,-0.727350332105746,-0.7417786904196273,-0.33903369052463384,NA,NA,-0.4475298582549363,-0.9766022500476892,NA,-0.07560653815528394
